{
	"AUTOGEN_COMMAND_LINE_LENGTH_MAX" : 32000,
	"BUILD_DIR" : "D:/Progs/Qt/QtProjects/Lab1/build/Desktop_x86_windows_msvc2022_pe_64bit-Release/Colors_autogen",
	"CMAKE_BINARY_DIR" : "D:/Progs/Qt/QtProjects/Lab1/build/Desktop_x86_windows_msvc2022_pe_64bit-Release",
	"CMAKE_CURRENT_BINARY_DIR" : "D:/Progs/Qt/QtProjects/Lab1/build/Desktop_x86_windows_msvc2022_pe_64bit-Release",
	"CMAKE_CURRENT_SOURCE_DIR" : "D:/Progs/Qt/QtProjects/Lab1",
	"CMAKE_EXECUTABLE" : "D:/Progs/Qt/qttq/Tools/CMake_64/bin/cmake.exe",
	"CMAKE_LIST_FILES" : 
	[
		"D:/Progs/Qt/QtProjects/Lab1/CMakeLists.txt",
		"D:/Progs/Qt/QtProjects/Lab1/build/Desktop_x86_windows_msvc2022_pe_64bit-Release/.qtc/package-manager/auto-setup.cmake",
		"D:/Progs/Qt/qttq/Tools/CMake_64/share/cmake-3.29/Modules/CMakeDetermineSystem.cmake",
		"D:/Progs/Qt/qttq/Tools/CMake_64/share/cmake-3.29/Modules/CMakeSystem.cmake.in",
		"D:/Progs/Qt/QtProjects/Lab1/build/Desktop_x86_windows_msvc2022_pe_64bit-Release/CMakeFiles/3.29.3/CMakeSystem.cmake",
		"D:/Progs/Qt/qttq/Tools/CMake_64/share/cmake-3.29/Modules/CMakeNinjaFindMake.cmake",
		"D:/Progs/Qt/qttq/Tools/CMake_64/share/cmake-3.29/Modules/CMakeSystemSpecificInitialize.cmake",
		"D:/Progs/Qt/qttq/Tools/CMake_64/share/cmake-3.29/Modules/Platform/Windows-Initialize.cmake",
		"D:/Progs/Qt/qttq/Tools/CMake_64/share/cmake-3.29/Modules/CMakeDetermineCXXCompiler.cmake",
		"D:/Progs/Qt/qttq/Tools/CMake_64/share/cmake-3.29/Modules/CMakeDetermineCompiler.cmake",
		"D:/Progs/Qt/qttq/Tools/CMake_64/share/cmake-3.29/Modules/Platform/Windows-Determine-CXX.cmake",
		"D:/Progs/Qt/qttq/Tools/CMake_64/share/cmake-3.29/Modules/CMakeDetermineCompilerId.cmake",
		"D:/Progs/Qt/qttq/Tools/CMake_64/share/cmake-3.29/Modules/CMakeCompilerIdDetection.cmake",
		"D:/Progs/Qt/qttq/Tools/CMake_64/share/cmake-3.29/Modules/Compiler/ADSP-DetermineCompiler.cmake",
		"D:/Progs/Qt/qttq/Tools/CMake_64/share/cmake-3.29/Modules/Compiler/ARMCC-DetermineCompiler.cmake",
		"D:/Progs/Qt/qttq/Tools/CMake_64/share/cmake-3.29/Modules/Compiler/ARMClang-DetermineCompiler.cmake",
		"D:/Progs/Qt/qttq/Tools/CMake_64/share/cmake-3.29/Modules/Compiler/AppleClang-DetermineCompiler.cmake",
		"D:/Progs/Qt/qttq/Tools/CMake_64/share/cmake-3.29/Modules/Compiler/Clang-DetermineCompilerInternal.cmake",
		"D:/Progs/Qt/qttq/Tools/CMake_64/share/cmake-3.29/Modules/Compiler/Borland-DetermineCompiler.cmake",
		"D:/Progs/Qt/qttq/Tools/CMake_64/share/cmake-3.29/Modules/Compiler/Clang-DetermineCompiler.cmake",
		"D:/Progs/Qt/qttq/Tools/CMake_64/share/cmake-3.29/Modules/Compiler/Clang-DetermineCompilerInternal.cmake",
		"D:/Progs/Qt/qttq/Tools/CMake_64/share/cmake-3.29/Modules/Compiler/Compaq-CXX-DetermineCompiler.cmake",
		"D:/Progs/Qt/qttq/Tools/CMake_64/share/cmake-3.29/Modules/Compiler/Cray-DetermineCompiler.cmake",
		"D:/Progs/Qt/qttq/Tools/CMake_64/share/cmake-3.29/Modules/Compiler/CrayClang-DetermineCompiler.cmake",
		"D:/Progs/Qt/qttq/Tools/CMake_64/share/cmake-3.29/Modules/Compiler/Embarcadero-DetermineCompiler.cmake",
		"D:/Progs/Qt/qttq/Tools/CMake_64/share/cmake-3.29/Modules/Compiler/Fujitsu-DetermineCompiler.cmake",
		"D:/Progs/Qt/qttq/Tools/CMake_64/share/cmake-3.29/Modules/Compiler/FujitsuClang-DetermineCompiler.cmake",
		"D:/Progs/Qt/qttq/Tools/CMake_64/share/cmake-3.29/Modules/Compiler/GHS-DetermineCompiler.cmake",
		"D:/Progs/Qt/qttq/Tools/CMake_64/share/cmake-3.29/Modules/Compiler/GNU-CXX-DetermineCompiler.cmake",
		"D:/Progs/Qt/qttq/Tools/CMake_64/share/cmake-3.29/Modules/Compiler/HP-CXX-DetermineCompiler.cmake",
		"D:/Progs/Qt/qttq/Tools/CMake_64/share/cmake-3.29/Modules/Compiler/IAR-DetermineCompiler.cmake",
		"D:/Progs/Qt/qttq/Tools/CMake_64/share/cmake-3.29/Modules/Compiler/IBMClang-CXX-DetermineCompiler.cmake",
		"D:/Progs/Qt/qttq/Tools/CMake_64/share/cmake-3.29/Modules/Compiler/Intel-DetermineCompiler.cmake",
		"D:/Progs/Qt/qttq/Tools/CMake_64/share/cmake-3.29/Modules/Compiler/IntelLLVM-DetermineCompiler.cmake",
		"D:/Progs/Qt/qttq/Tools/CMake_64/share/cmake-3.29/Modules/Compiler/LCC-CXX-DetermineCompiler.cmake",
		"D:/Progs/Qt/qttq/Tools/CMake_64/share/cmake-3.29/Modules/Compiler/MSVC-DetermineCompiler.cmake",
		"D:/Progs/Qt/qttq/Tools/CMake_64/share/cmake-3.29/Modules/Compiler/NVHPC-DetermineCompiler.cmake",
		"D:/Progs/Qt/qttq/Tools/CMake_64/share/cmake-3.29/Modules/Compiler/NVIDIA-DetermineCompiler.cmake",
		"D:/Progs/Qt/qttq/Tools/CMake_64/share/cmake-3.29/Modules/Compiler/OpenWatcom-DetermineCompiler.cmake",
		"D:/Progs/Qt/qttq/Tools/CMake_64/share/cmake-3.29/Modules/Compiler/OrangeC-DetermineCompiler.cmake",
		"D:/Progs/Qt/qttq/Tools/CMake_64/share/cmake-3.29/Modules/Compiler/PGI-DetermineCompiler.cmake",
		"D:/Progs/Qt/qttq/Tools/CMake_64/share/cmake-3.29/Modules/Compiler/PathScale-DetermineCompiler.cmake",
		"D:/Progs/Qt/qttq/Tools/CMake_64/share/cmake-3.29/Modules/Compiler/SCO-DetermineCompiler.cmake",
		"D:/Progs/Qt/qttq/Tools/CMake_64/share/cmake-3.29/Modules/Compiler/SunPro-CXX-DetermineCompiler.cmake",
		"D:/Progs/Qt/qttq/Tools/CMake_64/share/cmake-3.29/Modules/Compiler/TI-DetermineCompiler.cmake",
		"D:/Progs/Qt/qttq/Tools/CMake_64/share/cmake-3.29/Modules/Compiler/TIClang-DetermineCompiler.cmake",
		"D:/Progs/Qt/qttq/Tools/CMake_64/share/cmake-3.29/Modules/Compiler/Tasking-DetermineCompiler.cmake",
		"D:/Progs/Qt/qttq/Tools/CMake_64/share/cmake-3.29/Modules/Compiler/VisualAge-CXX-DetermineCompiler.cmake",
		"D:/Progs/Qt/qttq/Tools/CMake_64/share/cmake-3.29/Modules/Compiler/IBMCPP-CXX-DetermineVersionInternal.cmake",
		"D:/Progs/Qt/qttq/Tools/CMake_64/share/cmake-3.29/Modules/Compiler/Watcom-DetermineCompiler.cmake",
		"D:/Progs/Qt/qttq/Tools/CMake_64/share/cmake-3.29/Modules/Compiler/XL-CXX-DetermineCompiler.cmake",
		"D:/Progs/Qt/qttq/Tools/CMake_64/share/cmake-3.29/Modules/Compiler/IBMCPP-CXX-DetermineVersionInternal.cmake",
		"D:/Progs/Qt/qttq/Tools/CMake_64/share/cmake-3.29/Modules/Compiler/XLClang-CXX-DetermineCompiler.cmake",
		"D:/Progs/Qt/qttq/Tools/CMake_64/share/cmake-3.29/Modules/Compiler/zOS-CXX-DetermineCompiler.cmake",
		"D:/Progs/Qt/qttq/Tools/CMake_64/share/cmake-3.29/Modules/Compiler/IBMCPP-CXX-DetermineVersionInternal.cmake",
		"D:/Progs/Qt/qttq/Tools/CMake_64/share/cmake-3.29/Modules/CMakeFindBinUtils.cmake",
		"D:/Progs/Qt/qttq/Tools/CMake_64/share/cmake-3.29/Modules/CMakeCXXCompiler.cmake.in",
		"D:/Progs/Qt/QtProjects/Lab1/build/Desktop_x86_windows_msvc2022_pe_64bit-Release/CMakeFiles/3.29.3/CMakeCXXCompiler.cmake",
		"D:/Progs/Qt/qttq/Tools/CMake_64/share/cmake-3.29/Modules/CMakeSystemSpecificInformation.cmake",
		"D:/Progs/Qt/qttq/Tools/CMake_64/share/cmake-3.29/Modules/CMakeGenericSystem.cmake",
		"D:/Progs/Qt/qttq/Tools/CMake_64/share/cmake-3.29/Modules/CMakeInitializeConfigs.cmake",
		"D:/Progs/Qt/qttq/Tools/CMake_64/share/cmake-3.29/Modules/Platform/Windows.cmake",
		"D:/Progs/Qt/qttq/Tools/CMake_64/share/cmake-3.29/Modules/Platform/WindowsPaths.cmake",
		"D:/Progs/Qt/qttq/Tools/CMake_64/share/cmake-3.29/Modules/CMakeCXXInformation.cmake",
		"D:/Progs/Qt/qttq/Tools/CMake_64/share/cmake-3.29/Modules/CMakeLanguageInformation.cmake",
		"D:/Progs/Qt/qttq/Tools/CMake_64/share/cmake-3.29/Modules/Compiler/MSVC-CXX.cmake",
		"D:/Progs/Qt/qttq/Tools/CMake_64/share/cmake-3.29/Modules/Compiler/MSVC.cmake",
		"D:/Progs/Qt/qttq/Tools/CMake_64/share/cmake-3.29/Modules/Compiler/CMakeCommonCompilerMacros.cmake",
		"D:/Progs/Qt/qttq/Tools/CMake_64/share/cmake-3.29/Modules/Platform/Windows-MSVC-CXX.cmake",
		"D:/Progs/Qt/qttq/Tools/CMake_64/share/cmake-3.29/Modules/Platform/Windows-MSVC.cmake",
		"D:/Progs/Qt/qttq/Tools/CMake_64/share/cmake-3.29/Modules/CMakeDetermineRCCompiler.cmake",
		"D:/Progs/Qt/qttq/Tools/CMake_64/share/cmake-3.29/Modules/CMakeRCCompiler.cmake.in",
		"D:/Progs/Qt/QtProjects/Lab1/build/Desktop_x86_windows_msvc2022_pe_64bit-Release/CMakeFiles/3.29.3/CMakeRCCompiler.cmake",
		"D:/Progs/Qt/qttq/Tools/CMake_64/share/cmake-3.29/Modules/CMakeRCInformation.cmake",
		"D:/Progs/Qt/qttq/Tools/CMake_64/share/cmake-3.29/Modules/CMakeTestRCCompiler.cmake",
		"D:/Progs/Qt/qttq/Tools/CMake_64/share/cmake-3.29/Modules/CMakeCommonLanguageInclude.cmake",
		"D:/Progs/Qt/qttq/Tools/CMake_64/share/cmake-3.29/Modules/CMakeTestCXXCompiler.cmake",
		"D:/Progs/Qt/qttq/Tools/CMake_64/share/cmake-3.29/Modules/CMakeTestCompilerCommon.cmake",
		"D:/Progs/Qt/qttq/Tools/CMake_64/share/cmake-3.29/Modules/CMakeDetermineCompilerABI.cmake",
		"D:/Progs/Qt/qttq/Tools/CMake_64/share/cmake-3.29/Modules/Internal/CMakeDetermineLinkerId.cmake",
		"D:/Progs/Qt/qttq/Tools/CMake_64/share/cmake-3.29/Modules/CMakeParseImplicitIncludeInfo.cmake",
		"D:/Progs/Qt/qttq/Tools/CMake_64/share/cmake-3.29/Modules/CMakeParseImplicitLinkInfo.cmake",
		"D:/Progs/Qt/qttq/Tools/CMake_64/share/cmake-3.29/Modules/CMakeParseLibraryArchitecture.cmake",
		"D:/Progs/Qt/qttq/Tools/CMake_64/share/cmake-3.29/Modules/CMakeTestCompilerCommon.cmake",
		"D:/Progs/Qt/qttq/Tools/CMake_64/share/cmake-3.29/Modules/CMakeCXXCompilerABI.cpp",
		"D:/Progs/Qt/qttq/Tools/CMake_64/share/cmake-3.29/Modules/CMakeDetermineCompileFeatures.cmake",
		"D:/Progs/Qt/qttq/Tools/CMake_64/share/cmake-3.29/Modules/Internal/FeatureTesting.cmake",
		"D:/Progs/Qt/qttq/Tools/CMake_64/share/cmake-3.29/Modules/CMakeCXXCompiler.cmake.in",
		"D:/Progs/Qt/QtProjects/Lab1/build/Desktop_x86_windows_msvc2022_pe_64bit-Release/CMakeFiles/3.29.3/CMakeCXXCompiler.cmake",
		"D:/Progs/Qt/qttq/6.8.0/msvc2022_64/lib/cmake/Qt6/Qt6ConfigVersion.cmake",
		"D:/Progs/Qt/qttq/6.8.0/msvc2022_64/lib/cmake/Qt6/Qt6ConfigVersionImpl.cmake",
		"D:/Progs/Qt/qttq/6.8.0/msvc2022_64/lib/cmake/Qt6/Qt6Config.cmake",
		"D:/Progs/Qt/qttq/6.8.0/msvc2022_64/lib/cmake/Qt6/Qt6ConfigExtras.cmake",
		"D:/Progs/Qt/qttq/6.8.0/msvc2022_64/lib/cmake/Qt6/QtPublicCMakeVersionHelpers.cmake",
		"D:/Progs/Qt/qttq/6.8.0/msvc2022_64/lib/cmake/Qt6/QtPublicCMakeHelpers.cmake",
		"D:/Progs/Qt/qttq/6.8.0/msvc2022_64/lib/cmake/Qt6/QtInstallPaths.cmake",
		"D:/Progs/Qt/qttq/6.8.0/msvc2022_64/lib/cmake/Qt6/Qt6Targets.cmake",
		"D:/Progs/Qt/qttq/6.8.0/msvc2022_64/lib/cmake/Qt6/Qt6VersionlessAliasTargets.cmake",
		"D:/Progs/Qt/qttq/6.8.0/msvc2022_64/lib/cmake/Qt6/QtFeature.cmake",
		"D:/Progs/Qt/qttq/Tools/CMake_64/share/cmake-3.29/Modules/CheckCXXCompilerFlag.cmake",
		"D:/Progs/Qt/qttq/Tools/CMake_64/share/cmake-3.29/Modules/Internal/CheckCompilerFlag.cmake",
		"D:/Progs/Qt/qttq/Tools/CMake_64/share/cmake-3.29/Modules/Internal/CheckFlagCommonConfig.cmake",
		"D:/Progs/Qt/qttq/Tools/CMake_64/share/cmake-3.29/Modules/Internal/CheckSourceCompiles.cmake",
		"D:/Progs/Qt/qttq/Tools/CMake_64/share/cmake-3.29/Modules/CMakeCheckCompilerFlagCommonPatterns.cmake",
		"D:/Progs/Qt/qttq/Tools/CMake_64/share/cmake-3.29/Modules/CheckCXXSourceCompiles.cmake",
		"D:/Progs/Qt/qttq/Tools/CMake_64/share/cmake-3.29/Modules/Internal/CheckSourceCompiles.cmake",
		"D:/Progs/Qt/qttq/6.8.0/msvc2022_64/lib/cmake/Qt6/QtFeatureCommon.cmake",
		"D:/Progs/Qt/qttq/6.8.0/msvc2022_64/lib/cmake/Qt6/QtPublicAppleHelpers.cmake",
		"D:/Progs/Qt/qttq/6.8.0/msvc2022_64/lib/cmake/Qt6/QtPublicCMakeHelpers.cmake",
		"D:/Progs/Qt/qttq/6.8.0/msvc2022_64/lib/cmake/Qt6/QtPublicCMakeVersionHelpers.cmake",
		"D:/Progs/Qt/qttq/6.8.0/msvc2022_64/lib/cmake/Qt6/QtPublicDependencyHelpers.cmake",
		"D:/Progs/Qt/qttq/6.8.0/msvc2022_64/lib/cmake/Qt6/QtPublicExternalProjectHelpers.cmake",
		"D:/Progs/Qt/qttq/6.8.0/msvc2022_64/lib/cmake/Qt6/QtPublicFinalizerHelpers.cmake",
		"D:/Progs/Qt/qttq/6.8.0/msvc2022_64/lib/cmake/Qt6/QtPublicFindPackageHelpers.cmake",
		"D:/Progs/Qt/qttq/6.8.0/msvc2022_64/lib/cmake/Qt6/QtPublicGitHelpers.cmake",
		"D:/Progs/Qt/qttq/6.8.0/msvc2022_64/lib/cmake/Qt6/QtPublicPluginHelpers.cmake",
		"D:/Progs/Qt/qttq/6.8.0/msvc2022_64/lib/cmake/Qt6/QtPublicSbomGenerationHelpers.cmake",
		"D:/Progs/Qt/qttq/6.8.0/msvc2022_64/lib/cmake/Qt6/QtPublicSbomHelpers.cmake",
		"D:/Progs/Qt/qttq/6.8.0/msvc2022_64/lib/cmake/Qt6/QtPublicTargetHelpers.cmake",
		"D:/Progs/Qt/qttq/6.8.0/msvc2022_64/lib/cmake/Qt6/QtPublicTestHelpers.cmake",
		"D:/Progs/Qt/qttq/6.8.0/msvc2022_64/lib/cmake/Qt6/QtPublicToolHelpers.cmake",
		"D:/Progs/Qt/qttq/6.8.0/msvc2022_64/lib/cmake/Qt6/QtPublicWalkLibsHelpers.cmake",
		"D:/Progs/Qt/qttq/Tools/CMake_64/share/cmake-3.29/Modules/CMakeFindDependencyMacro.cmake",
		"D:/Progs/Qt/qttq/6.8.0/msvc2022_64/lib/cmake/Qt6/Qt6Dependencies.cmake",
		"D:/Progs/Qt/qttq/Tools/CMake_64/share/cmake-3.29/Modules/FindThreads.cmake",
		"D:/Progs/Qt/qttq/Tools/CMake_64/share/cmake-3.29/Modules/CheckLibraryExists.cmake",
		"D:/Progs/Qt/qttq/Tools/CMake_64/share/cmake-3.29/Modules/CheckIncludeFileCXX.cmake",
		"D:/Progs/Qt/qttq/Tools/CMake_64/share/cmake-3.29/Modules/CheckCXXSourceCompiles.cmake",
		"D:/Progs/Qt/qttq/Tools/CMake_64/share/cmake-3.29/Modules/FindPackageHandleStandardArgs.cmake",
		"D:/Progs/Qt/qttq/Tools/CMake_64/share/cmake-3.29/Modules/FindPackageMessage.cmake",
		"D:/Progs/Qt/qttq/6.8.0/msvc2022_64/lib/cmake/Qt6/Qt6ConfigVersion.cmake",
		"D:/Progs/Qt/qttq/6.8.0/msvc2022_64/lib/cmake/Qt6/Qt6ConfigVersionImpl.cmake",
		"D:/Progs/Qt/qttq/6.8.0/msvc2022_64/lib/cmake/Qt6/Qt6Config.cmake",
		"D:/Progs/Qt/qttq/6.8.0/msvc2022_64/lib/cmake/Qt6/Qt6ConfigExtras.cmake",
		"D:/Progs/Qt/qttq/6.8.0/msvc2022_64/lib/cmake/Qt6/QtPublicCMakeVersionHelpers.cmake",
		"D:/Progs/Qt/qttq/6.8.0/msvc2022_64/lib/cmake/Qt6/QtPublicCMakeHelpers.cmake",
		"D:/Progs/Qt/qttq/6.8.0/msvc2022_64/lib/cmake/Qt6/QtInstallPaths.cmake",
		"D:/Progs/Qt/qttq/6.8.0/msvc2022_64/lib/cmake/Qt6/Qt6Targets.cmake",
		"D:/Progs/Qt/qttq/6.8.0/msvc2022_64/lib/cmake/Qt6/Qt6VersionlessAliasTargets.cmake",
		"D:/Progs/Qt/qttq/6.8.0/msvc2022_64/lib/cmake/Qt6/QtFeature.cmake",
		"D:/Progs/Qt/qttq/Tools/CMake_64/share/cmake-3.29/Modules/CheckCXXCompilerFlag.cmake",
		"D:/Progs/Qt/qttq/6.8.0/msvc2022_64/lib/cmake/Qt6/QtFeatureCommon.cmake",
		"D:/Progs/Qt/qttq/6.8.0/msvc2022_64/lib/cmake/Qt6/QtPublicAppleHelpers.cmake",
		"D:/Progs/Qt/qttq/6.8.0/msvc2022_64/lib/cmake/Qt6/QtPublicCMakeHelpers.cmake",
		"D:/Progs/Qt/qttq/6.8.0/msvc2022_64/lib/cmake/Qt6/QtPublicCMakeVersionHelpers.cmake",
		"D:/Progs/Qt/qttq/6.8.0/msvc2022_64/lib/cmake/Qt6/QtPublicDependencyHelpers.cmake",
		"D:/Progs/Qt/qttq/6.8.0/msvc2022_64/lib/cmake/Qt6/QtPublicExternalProjectHelpers.cmake",
		"D:/Progs/Qt/qttq/6.8.0/msvc2022_64/lib/cmake/Qt6/QtPublicFinalizerHelpers.cmake",
		"D:/Progs/Qt/qttq/6.8.0/msvc2022_64/lib/cmake/Qt6/QtPublicFindPackageHelpers.cmake",
		"D:/Progs/Qt/qttq/6.8.0/msvc2022_64/lib/cmake/Qt6/QtPublicGitHelpers.cmake",
		"D:/Progs/Qt/qttq/6.8.0/msvc2022_64/lib/cmake/Qt6/QtPublicPluginHelpers.cmake",
		"D:/Progs/Qt/qttq/6.8.0/msvc2022_64/lib/cmake/Qt6/QtPublicSbomGenerationHelpers.cmake",
		"D:/Progs/Qt/qttq/6.8.0/msvc2022_64/lib/cmake/Qt6/QtPublicSbomHelpers.cmake",
		"D:/Progs/Qt/qttq/6.8.0/msvc2022_64/lib/cmake/Qt6/QtPublicTargetHelpers.cmake",
		"D:/Progs/Qt/qttq/6.8.0/msvc2022_64/lib/cmake/Qt6/QtPublicTestHelpers.cmake",
		"D:/Progs/Qt/qttq/6.8.0/msvc2022_64/lib/cmake/Qt6/QtPublicToolHelpers.cmake",
		"D:/Progs/Qt/qttq/6.8.0/msvc2022_64/lib/cmake/Qt6/QtPublicWalkLibsHelpers.cmake",
		"D:/Progs/Qt/qttq/Tools/CMake_64/share/cmake-3.29/Modules/CMakeFindDependencyMacro.cmake",
		"D:/Progs/Qt/qttq/6.8.0/msvc2022_64/lib/cmake/Qt6/Qt6Dependencies.cmake",
		"D:/Progs/Qt/qttq/6.8.0/msvc2022_64/lib/cmake/Qt6Widgets/Qt6WidgetsConfigVersion.cmake",
		"D:/Progs/Qt/qttq/6.8.0/msvc2022_64/lib/cmake/Qt6Widgets/Qt6WidgetsConfigVersionImpl.cmake",
		"D:/Progs/Qt/qttq/6.8.0/msvc2022_64/lib/cmake/Qt6Widgets/Qt6WidgetsConfig.cmake",
		"D:/Progs/Qt/qttq/Tools/CMake_64/share/cmake-3.29/Modules/CMakeFindDependencyMacro.cmake",
		"D:/Progs/Qt/qttq/6.8.0/msvc2022_64/lib/cmake/Qt6Widgets/Qt6WidgetsDependencies.cmake",
		"D:/Progs/Qt/qttq/6.8.0/msvc2022_64/lib/cmake/Qt6WidgetsTools/Qt6WidgetsToolsConfigVersion.cmake",
		"D:/Progs/Qt/qttq/6.8.0/msvc2022_64/lib/cmake/Qt6WidgetsTools/Qt6WidgetsToolsConfigVersionImpl.cmake",
		"D:/Progs/Qt/qttq/6.8.0/msvc2022_64/lib/cmake/Qt6WidgetsTools/Qt6WidgetsToolsConfig.cmake",
		"D:/Progs/Qt/qttq/Tools/CMake_64/share/cmake-3.29/Modules/CMakeFindDependencyMacro.cmake",
		"D:/Progs/Qt/qttq/6.8.0/msvc2022_64/lib/cmake/Qt6WidgetsTools/Qt6WidgetsToolsDependencies.cmake",
		"D:/Progs/Qt/qttq/6.8.0/msvc2022_64/lib/cmake/Qt6CoreTools/Qt6CoreToolsConfigVersion.cmake",
		"D:/Progs/Qt/qttq/6.8.0/msvc2022_64/lib/cmake/Qt6CoreTools/Qt6CoreToolsConfigVersionImpl.cmake",
		"D:/Progs/Qt/qttq/6.8.0/msvc2022_64/lib/cmake/Qt6CoreTools/Qt6CoreToolsConfig.cmake",
		"D:/Progs/Qt/qttq/Tools/CMake_64/share/cmake-3.29/Modules/CMakeFindDependencyMacro.cmake",
		"D:/Progs/Qt/qttq/6.8.0/msvc2022_64/lib/cmake/Qt6CoreTools/Qt6CoreToolsDependencies.cmake",
		"D:/Progs/Qt/qttq/6.8.0/msvc2022_64/lib/cmake/Qt6CoreTools/Qt6CoreToolsTargets.cmake",
		"D:/Progs/Qt/qttq/6.8.0/msvc2022_64/lib/cmake/Qt6CoreTools/Qt6CoreToolsTargets-debug.cmake",
		"D:/Progs/Qt/qttq/6.8.0/msvc2022_64/lib/cmake/Qt6CoreTools/Qt6CoreToolsTargets-relwithdebinfo.cmake",
		"D:/Progs/Qt/qttq/6.8.0/msvc2022_64/lib/cmake/Qt6CoreTools/Qt6CoreToolsAdditionalTargetInfo.cmake",
		"D:/Progs/Qt/qttq/6.8.0/msvc2022_64/lib/cmake/Qt6CoreTools/Qt6CoreToolsVersionlessTargets.cmake",
		"D:/Progs/Qt/qttq/6.8.0/msvc2022_64/lib/cmake/Qt6GuiTools/Qt6GuiToolsConfigVersion.cmake",
		"D:/Progs/Qt/qttq/6.8.0/msvc2022_64/lib/cmake/Qt6GuiTools/Qt6GuiToolsConfigVersionImpl.cmake",
		"D:/Progs/Qt/qttq/6.8.0/msvc2022_64/lib/cmake/Qt6GuiTools/Qt6GuiToolsConfig.cmake",
		"D:/Progs/Qt/qttq/Tools/CMake_64/share/cmake-3.29/Modules/CMakeFindDependencyMacro.cmake",
		"D:/Progs/Qt/qttq/6.8.0/msvc2022_64/lib/cmake/Qt6GuiTools/Qt6GuiToolsDependencies.cmake",
		"D:/Progs/Qt/qttq/6.8.0/msvc2022_64/lib/cmake/Qt6GuiTools/Qt6GuiToolsTargets.cmake",
		"D:/Progs/Qt/qttq/6.8.0/msvc2022_64/lib/cmake/Qt6GuiTools/Qt6GuiToolsTargets-debug.cmake",
		"D:/Progs/Qt/qttq/6.8.0/msvc2022_64/lib/cmake/Qt6GuiTools/Qt6GuiToolsTargets-relwithdebinfo.cmake",
		"D:/Progs/Qt/qttq/6.8.0/msvc2022_64/lib/cmake/Qt6GuiTools/Qt6GuiToolsAdditionalTargetInfo.cmake",
		"D:/Progs/Qt/qttq/6.8.0/msvc2022_64/lib/cmake/Qt6GuiTools/Qt6GuiToolsVersionlessTargets.cmake",
		"D:/Progs/Qt/qttq/6.8.0/msvc2022_64/lib/cmake/Qt6WidgetsTools/Qt6WidgetsToolsTargets.cmake",
		"D:/Progs/Qt/qttq/6.8.0/msvc2022_64/lib/cmake/Qt6WidgetsTools/Qt6WidgetsToolsTargets-debug.cmake",
		"D:/Progs/Qt/qttq/6.8.0/msvc2022_64/lib/cmake/Qt6WidgetsTools/Qt6WidgetsToolsTargets-relwithdebinfo.cmake",
		"D:/Progs/Qt/qttq/6.8.0/msvc2022_64/lib/cmake/Qt6WidgetsTools/Qt6WidgetsToolsAdditionalTargetInfo.cmake",
		"D:/Progs/Qt/qttq/6.8.0/msvc2022_64/lib/cmake/Qt6WidgetsTools/Qt6WidgetsToolsVersionlessTargets.cmake",
		"D:/Progs/Qt/qttq/6.8.0/msvc2022_64/lib/cmake/Qt6Core/Qt6CoreConfigVersion.cmake",
		"D:/Progs/Qt/qttq/6.8.0/msvc2022_64/lib/cmake/Qt6Core/Qt6CoreConfigVersionImpl.cmake",
		"D:/Progs/Qt/qttq/6.8.0/msvc2022_64/lib/cmake/Qt6Core/Qt6CoreConfig.cmake",
		"D:/Progs/Qt/qttq/Tools/CMake_64/share/cmake-3.29/Modules/CMakeFindDependencyMacro.cmake",
		"D:/Progs/Qt/qttq/6.8.0/msvc2022_64/lib/cmake/Qt6Core/Qt6CoreDependencies.cmake",
		"D:/Progs/Qt/qttq/6.8.0/msvc2022_64/lib/cmake/Qt6/FindWrapAtomic.cmake",
		"D:/Progs/Qt/qttq/Tools/CMake_64/share/cmake-3.29/Modules/CheckCXXSourceCompiles.cmake",
		"D:/Progs/Qt/qttq/Tools/CMake_64/share/cmake-3.29/Modules/FindPackageHandleStandardArgs.cmake",
		"D:/Progs/Qt/qttq/Tools/CMake_64/share/cmake-3.29/Modules/FindPackageMessage.cmake",
		"D:/Progs/Qt/qttq/6.8.0/msvc2022_64/lib/cmake/Qt6CoreTools/Qt6CoreToolsConfigVersion.cmake",
		"D:/Progs/Qt/qttq/6.8.0/msvc2022_64/lib/cmake/Qt6CoreTools/Qt6CoreToolsConfigVersionImpl.cmake",
		"D:/Progs/Qt/qttq/6.8.0/msvc2022_64/lib/cmake/Qt6CoreTools/Qt6CoreToolsConfig.cmake",
		"D:/Progs/Qt/qttq/Tools/CMake_64/share/cmake-3.29/Modules/CMakeFindDependencyMacro.cmake",
		"D:/Progs/Qt/qttq/6.8.0/msvc2022_64/lib/cmake/Qt6CoreTools/Qt6CoreToolsDependencies.cmake",
		"D:/Progs/Qt/qttq/6.8.0/msvc2022_64/lib/cmake/Qt6CoreTools/Qt6CoreToolsTargets.cmake",
		"D:/Progs/Qt/qttq/6.8.0/msvc2022_64/lib/cmake/Qt6CoreTools/Qt6CoreToolsAdditionalTargetInfo.cmake",
		"D:/Progs/Qt/qttq/6.8.0/msvc2022_64/lib/cmake/Qt6CoreTools/Qt6CoreToolsVersionlessTargets.cmake",
		"D:/Progs/Qt/qttq/6.8.0/msvc2022_64/lib/cmake/Qt6ZlibPrivate/Qt6ZlibPrivateConfigVersion.cmake",
		"D:/Progs/Qt/qttq/6.8.0/msvc2022_64/lib/cmake/Qt6ZlibPrivate/Qt6ZlibPrivateConfigVersionImpl.cmake",
		"D:/Progs/Qt/qttq/6.8.0/msvc2022_64/lib/cmake/Qt6ZlibPrivate/Qt6ZlibPrivateConfig.cmake",
		"D:/Progs/Qt/qttq/Tools/CMake_64/share/cmake-3.29/Modules/CMakeFindDependencyMacro.cmake",
		"D:/Progs/Qt/qttq/6.8.0/msvc2022_64/lib/cmake/Qt6ZlibPrivate/Qt6ZlibPrivateTargets.cmake",
		"D:/Progs/Qt/qttq/6.8.0/msvc2022_64/lib/cmake/Qt6ZlibPrivate/Qt6ZlibPrivateAdditionalTargetInfo.cmake",
		"D:/Progs/Qt/qttq/6.8.0/msvc2022_64/lib/cmake/Qt6ZlibPrivate/Qt6ZlibPrivateVersionlessAliasTargets.cmake",
		"D:/Progs/Qt/qttq/6.8.0/msvc2022_64/lib/cmake/Qt6EntryPointPrivate/Qt6EntryPointPrivateConfigVersion.cmake",
		"D:/Progs/Qt/qttq/6.8.0/msvc2022_64/lib/cmake/Qt6EntryPointPrivate/Qt6EntryPointPrivateConfigVersionImpl.cmake",
		"D:/Progs/Qt/qttq/6.8.0/msvc2022_64/lib/cmake/Qt6EntryPointPrivate/Qt6EntryPointPrivateConfig.cmake",
		"D:/Progs/Qt/qttq/Tools/CMake_64/share/cmake-3.29/Modules/CMakeFindDependencyMacro.cmake",
		"D:/Progs/Qt/qttq/6.8.0/msvc2022_64/lib/cmake/Qt6EntryPointPrivate/Qt6EntryPointPrivateTargets.cmake",
		"D:/Progs/Qt/qttq/6.8.0/msvc2022_64/lib/cmake/Qt6EntryPointPrivate/Qt6EntryPointPrivateTargets-debug.cmake",
		"D:/Progs/Qt/qttq/6.8.0/msvc2022_64/lib/cmake/Qt6EntryPointPrivate/Qt6EntryPointPrivateTargets-relwithdebinfo.cmake",
		"D:/Progs/Qt/qttq/6.8.0/msvc2022_64/lib/cmake/Qt6EntryPointPrivate/Qt6EntryPointPrivateAdditionalTargetInfo.cmake",
		"D:/Progs/Qt/qttq/6.8.0/msvc2022_64/lib/cmake/Qt6EntryPointPrivate/Qt6EntryPointPrivateVersionlessAliasTargets.cmake",
		"D:/Progs/Qt/qttq/6.8.0/msvc2022_64/lib/cmake/Qt6Core/Qt6CoreTargets.cmake",
		"D:/Progs/Qt/qttq/6.8.0/msvc2022_64/lib/cmake/Qt6Core/Qt6CoreTargets-debug.cmake",
		"D:/Progs/Qt/qttq/6.8.0/msvc2022_64/lib/cmake/Qt6Core/Qt6CoreTargets-relwithdebinfo.cmake",
		"D:/Progs/Qt/qttq/6.8.0/msvc2022_64/lib/cmake/Qt6Core/Qt6CoreAdditionalTargetInfo.cmake",
		"D:/Progs/Qt/qttq/6.8.0/msvc2022_64/lib/cmake/Qt6Core/Qt6CoreMacros.cmake",
		"D:/Progs/Qt/qttq/6.8.0/msvc2022_64/lib/cmake/Qt6Core/Qt6CoreConfigExtras.cmake",
		"D:/Progs/Qt/qttq/Tools/CMake_64/share/cmake-3.29/Modules/GNUInstallDirs.cmake",
		"D:/Progs/Qt/qttq/6.8.0/msvc2022_64/lib/cmake/Qt6Core/Qt6CoreVersionlessAliasTargets.cmake",
		"D:/Progs/Qt/qttq/6.8.0/msvc2022_64/lib/cmake/Qt6Gui/Qt6GuiConfigVersion.cmake",
		"D:/Progs/Qt/qttq/6.8.0/msvc2022_64/lib/cmake/Qt6Gui/Qt6GuiConfigVersionImpl.cmake",
		"D:/Progs/Qt/qttq/6.8.0/msvc2022_64/lib/cmake/Qt6Gui/Qt6GuiConfig.cmake",
		"D:/Progs/Qt/qttq/Tools/CMake_64/share/cmake-3.29/Modules/CMakeFindDependencyMacro.cmake",
		"D:/Progs/Qt/qttq/6.8.0/msvc2022_64/lib/cmake/Qt6Gui/Qt6GuiDependencies.cmake",
		"D:/Progs/Qt/qttq/6.8.0/msvc2022_64/lib/cmake/Qt6/FindWrapVulkanHeaders.cmake",
		"D:/Progs/Qt/qttq/Tools/CMake_64/share/cmake-3.29/Modules/FindVulkan.cmake",
		"D:/Progs/Qt/qttq/Tools/CMake_64/share/cmake-3.29/Modules/FindPackageHandleStandardArgs.cmake",
		"D:/Progs/Qt/qttq/Tools/CMake_64/share/cmake-3.29/Modules/FindPackageMessage.cmake",
		"D:/Progs/Qt/qttq/Tools/CMake_64/share/cmake-3.29/Modules/FindPackageHandleStandardArgs.cmake",
		"D:/Progs/Qt/qttq/Tools/CMake_64/share/cmake-3.29/Modules/FindPackageMessage.cmake",
		"D:/Progs/Qt/qttq/6.8.0/msvc2022_64/lib/cmake/Qt6GuiTools/Qt6GuiToolsConfigVersion.cmake",
		"D:/Progs/Qt/qttq/6.8.0/msvc2022_64/lib/cmake/Qt6GuiTools/Qt6GuiToolsConfigVersionImpl.cmake",
		"D:/Progs/Qt/qttq/6.8.0/msvc2022_64/lib/cmake/Qt6GuiTools/Qt6GuiToolsConfig.cmake",
		"D:/Progs/Qt/qttq/Tools/CMake_64/share/cmake-3.29/Modules/CMakeFindDependencyMacro.cmake",
		"D:/Progs/Qt/qttq/6.8.0/msvc2022_64/lib/cmake/Qt6GuiTools/Qt6GuiToolsDependencies.cmake",
		"D:/Progs/Qt/qttq/6.8.0/msvc2022_64/lib/cmake/Qt6GuiTools/Qt6GuiToolsTargets.cmake",
		"D:/Progs/Qt/qttq/6.8.0/msvc2022_64/lib/cmake/Qt6GuiTools/Qt6GuiToolsAdditionalTargetInfo.cmake",
		"D:/Progs/Qt/qttq/6.8.0/msvc2022_64/lib/cmake/Qt6GuiTools/Qt6GuiToolsVersionlessTargets.cmake",
		"D:/Progs/Qt/qttq/6.8.0/msvc2022_64/lib/cmake/Qt6Gui/Qt6GuiTargets.cmake",
		"D:/Progs/Qt/qttq/6.8.0/msvc2022_64/lib/cmake/Qt6Gui/Qt6GuiTargets-debug.cmake",
		"D:/Progs/Qt/qttq/6.8.0/msvc2022_64/lib/cmake/Qt6Gui/Qt6GuiTargets-relwithdebinfo.cmake",
		"D:/Progs/Qt/qttq/6.8.0/msvc2022_64/lib/cmake/Qt6Gui/Qt6GuiAdditionalTargetInfo.cmake",
		"D:/Progs/Qt/qttq/6.8.0/msvc2022_64/lib/cmake/Qt6Gui/Qt6GuiPlugins.cmake",
		"D:/Progs/Qt/qttq/6.8.0/msvc2022_64/lib/cmake/Qt6Gui/Qt6QGifPluginConfig.cmake",
		"D:/Progs/Qt/qttq/Tools/CMake_64/share/cmake-3.29/Modules/CMakeFindDependencyMacro.cmake",
		"D:/Progs/Qt/qttq/6.8.0/msvc2022_64/lib/cmake/Qt6Gui/Qt6QGifPluginTargets.cmake",
		"D:/Progs/Qt/qttq/6.8.0/msvc2022_64/lib/cmake/Qt6Gui/Qt6QGifPluginTargets-debug.cmake",
		"D:/Progs/Qt/qttq/6.8.0/msvc2022_64/lib/cmake/Qt6Gui/Qt6QGifPluginTargets-relwithdebinfo.cmake",
		"D:/Progs/Qt/qttq/6.8.0/msvc2022_64/lib/cmake/Qt6Gui/Qt6QGifPluginAdditionalTargetInfo.cmake",
		"D:/Progs/Qt/qttq/6.8.0/msvc2022_64/lib/cmake/Qt6Gui/Qt6QICNSPluginConfig.cmake",
		"D:/Progs/Qt/qttq/Tools/CMake_64/share/cmake-3.29/Modules/CMakeFindDependencyMacro.cmake",
		"D:/Progs/Qt/qttq/6.8.0/msvc2022_64/lib/cmake/Qt6Gui/Qt6QICNSPluginTargets.cmake",
		"D:/Progs/Qt/qttq/6.8.0/msvc2022_64/lib/cmake/Qt6Gui/Qt6QICNSPluginTargets-debug.cmake",
		"D:/Progs/Qt/qttq/6.8.0/msvc2022_64/lib/cmake/Qt6Gui/Qt6QICNSPluginTargets-relwithdebinfo.cmake",
		"D:/Progs/Qt/qttq/6.8.0/msvc2022_64/lib/cmake/Qt6Gui/Qt6QICNSPluginAdditionalTargetInfo.cmake",
		"D:/Progs/Qt/qttq/6.8.0/msvc2022_64/lib/cmake/Qt6Gui/Qt6QICOPluginConfig.cmake",
		"D:/Progs/Qt/qttq/Tools/CMake_64/share/cmake-3.29/Modules/CMakeFindDependencyMacro.cmake",
		"D:/Progs/Qt/qttq/6.8.0/msvc2022_64/lib/cmake/Qt6Gui/Qt6QICOPluginTargets.cmake",
		"D:/Progs/Qt/qttq/6.8.0/msvc2022_64/lib/cmake/Qt6Gui/Qt6QICOPluginTargets-debug.cmake",
		"D:/Progs/Qt/qttq/6.8.0/msvc2022_64/lib/cmake/Qt6Gui/Qt6QICOPluginTargets-relwithdebinfo.cmake",
		"D:/Progs/Qt/qttq/6.8.0/msvc2022_64/lib/cmake/Qt6Gui/Qt6QICOPluginAdditionalTargetInfo.cmake",
		"D:/Progs/Qt/qttq/6.8.0/msvc2022_64/lib/cmake/Qt6Gui/Qt6QJpegPluginConfig.cmake",
		"D:/Progs/Qt/qttq/Tools/CMake_64/share/cmake-3.29/Modules/CMakeFindDependencyMacro.cmake",
		"D:/Progs/Qt/qttq/6.8.0/msvc2022_64/lib/cmake/Qt6Gui/Qt6QJpegPluginTargets.cmake",
		"D:/Progs/Qt/qttq/6.8.0/msvc2022_64/lib/cmake/Qt6Gui/Qt6QJpegPluginTargets-debug.cmake",
		"D:/Progs/Qt/qttq/6.8.0/msvc2022_64/lib/cmake/Qt6Gui/Qt6QJpegPluginTargets-relwithdebinfo.cmake",
		"D:/Progs/Qt/qttq/6.8.0/msvc2022_64/lib/cmake/Qt6Gui/Qt6QJpegPluginAdditionalTargetInfo.cmake",
		"D:/Progs/Qt/qttq/6.8.0/msvc2022_64/lib/cmake/Qt6Gui/Qt6QMinimalIntegrationPluginConfig.cmake",
		"D:/Progs/Qt/qttq/Tools/CMake_64/share/cmake-3.29/Modules/CMakeFindDependencyMacro.cmake",
		"D:/Progs/Qt/qttq/6.8.0/msvc2022_64/lib/cmake/Qt6Gui/Qt6QMinimalIntegrationPluginTargets.cmake",
		"D:/Progs/Qt/qttq/6.8.0/msvc2022_64/lib/cmake/Qt6Gui/Qt6QMinimalIntegrationPluginTargets-debug.cmake",
		"D:/Progs/Qt/qttq/6.8.0/msvc2022_64/lib/cmake/Qt6Gui/Qt6QMinimalIntegrationPluginTargets-relwithdebinfo.cmake",
		"D:/Progs/Qt/qttq/6.8.0/msvc2022_64/lib/cmake/Qt6Gui/Qt6QMinimalIntegrationPluginAdditionalTargetInfo.cmake",
		"D:/Progs/Qt/qttq/6.8.0/msvc2022_64/lib/cmake/Qt6Gui/Qt6QOffscreenIntegrationPluginConfig.cmake",
		"D:/Progs/Qt/qttq/Tools/CMake_64/share/cmake-3.29/Modules/CMakeFindDependencyMacro.cmake",
		"D:/Progs/Qt/qttq/6.8.0/msvc2022_64/lib/cmake/Qt6Gui/Qt6QOffscreenIntegrationPluginTargets.cmake",
		"D:/Progs/Qt/qttq/6.8.0/msvc2022_64/lib/cmake/Qt6Gui/Qt6QOffscreenIntegrationPluginTargets-debug.cmake",
		"D:/Progs/Qt/qttq/6.8.0/msvc2022_64/lib/cmake/Qt6Gui/Qt6QOffscreenIntegrationPluginTargets-relwithdebinfo.cmake",
		"D:/Progs/Qt/qttq/6.8.0/msvc2022_64/lib/cmake/Qt6Gui/Qt6QOffscreenIntegrationPluginAdditionalTargetInfo.cmake",
		"D:/Progs/Qt/qttq/6.8.0/msvc2022_64/lib/cmake/Qt6Gui/Qt6QSvgIconPluginConfig.cmake",
		"D:/Progs/Qt/qttq/Tools/CMake_64/share/cmake-3.29/Modules/CMakeFindDependencyMacro.cmake",
		"D:/Progs/Qt/qttq/6.8.0/msvc2022_64/lib/cmake/Qt6Gui/Qt6QSvgIconPluginTargets.cmake",
		"D:/Progs/Qt/qttq/6.8.0/msvc2022_64/lib/cmake/Qt6Gui/Qt6QSvgIconPluginTargets-debug.cmake",
		"D:/Progs/Qt/qttq/6.8.0/msvc2022_64/lib/cmake/Qt6Gui/Qt6QSvgIconPluginTargets-relwithdebinfo.cmake",
		"D:/Progs/Qt/qttq/6.8.0/msvc2022_64/lib/cmake/Qt6Gui/Qt6QSvgIconPluginAdditionalTargetInfo.cmake",
		"D:/Progs/Qt/qttq/6.8.0/msvc2022_64/lib/cmake/Qt6Gui/Qt6QSvgPluginConfig.cmake",
		"D:/Progs/Qt/qttq/Tools/CMake_64/share/cmake-3.29/Modules/CMakeFindDependencyMacro.cmake",
		"D:/Progs/Qt/qttq/6.8.0/msvc2022_64/lib/cmake/Qt6Gui/Qt6QSvgPluginTargets.cmake",
		"D:/Progs/Qt/qttq/6.8.0/msvc2022_64/lib/cmake/Qt6Gui/Qt6QSvgPluginTargets-debug.cmake",
		"D:/Progs/Qt/qttq/6.8.0/msvc2022_64/lib/cmake/Qt6Gui/Qt6QSvgPluginTargets-relwithdebinfo.cmake",
		"D:/Progs/Qt/qttq/6.8.0/msvc2022_64/lib/cmake/Qt6Gui/Qt6QSvgPluginAdditionalTargetInfo.cmake",
		"D:/Progs/Qt/qttq/6.8.0/msvc2022_64/lib/cmake/Qt6Gui/Qt6QTgaPluginConfig.cmake",
		"D:/Progs/Qt/qttq/Tools/CMake_64/share/cmake-3.29/Modules/CMakeFindDependencyMacro.cmake",
		"D:/Progs/Qt/qttq/6.8.0/msvc2022_64/lib/cmake/Qt6Gui/Qt6QTgaPluginTargets.cmake",
		"D:/Progs/Qt/qttq/6.8.0/msvc2022_64/lib/cmake/Qt6Gui/Qt6QTgaPluginTargets-debug.cmake",
		"D:/Progs/Qt/qttq/6.8.0/msvc2022_64/lib/cmake/Qt6Gui/Qt6QTgaPluginTargets-relwithdebinfo.cmake",
		"D:/Progs/Qt/qttq/6.8.0/msvc2022_64/lib/cmake/Qt6Gui/Qt6QTgaPluginAdditionalTargetInfo.cmake",
		"D:/Progs/Qt/qttq/6.8.0/msvc2022_64/lib/cmake/Qt6Gui/Qt6QTiffPluginConfig.cmake",
		"D:/Progs/Qt/qttq/Tools/CMake_64/share/cmake-3.29/Modules/CMakeFindDependencyMacro.cmake",
		"D:/Progs/Qt/qttq/6.8.0/msvc2022_64/lib/cmake/Qt6Gui/Qt6QTiffPluginTargets.cmake",
		"D:/Progs/Qt/qttq/6.8.0/msvc2022_64/lib/cmake/Qt6Gui/Qt6QTiffPluginTargets-debug.cmake",
		"D:/Progs/Qt/qttq/6.8.0/msvc2022_64/lib/cmake/Qt6Gui/Qt6QTiffPluginTargets-relwithdebinfo.cmake",
		"D:/Progs/Qt/qttq/6.8.0/msvc2022_64/lib/cmake/Qt6Gui/Qt6QTiffPluginAdditionalTargetInfo.cmake",
		"D:/Progs/Qt/qttq/6.8.0/msvc2022_64/lib/cmake/Qt6Gui/Qt6QTuioTouchPluginConfig.cmake",
		"D:/Progs/Qt/qttq/Tools/CMake_64/share/cmake-3.29/Modules/CMakeFindDependencyMacro.cmake",
		"D:/Progs/Qt/qttq/6.8.0/msvc2022_64/lib/cmake/Qt6Gui/Qt6QTuioTouchPluginTargets.cmake",
		"D:/Progs/Qt/qttq/6.8.0/msvc2022_64/lib/cmake/Qt6Gui/Qt6QTuioTouchPluginTargets-debug.cmake",
		"D:/Progs/Qt/qttq/6.8.0/msvc2022_64/lib/cmake/Qt6Gui/Qt6QTuioTouchPluginTargets-relwithdebinfo.cmake",
		"D:/Progs/Qt/qttq/6.8.0/msvc2022_64/lib/cmake/Qt6Gui/Qt6QTuioTouchPluginAdditionalTargetInfo.cmake",
		"D:/Progs/Qt/qttq/6.8.0/msvc2022_64/lib/cmake/Qt6Gui/Qt6QVirtualKeyboardPluginConfig.cmake",
		"D:/Progs/Qt/qttq/Tools/CMake_64/share/cmake-3.29/Modules/CMakeFindDependencyMacro.cmake",
		"D:/Progs/Qt/qttq/6.8.0/msvc2022_64/lib/cmake/Qt6Gui/Qt6QVirtualKeyboardPluginTargets.cmake",
		"D:/Progs/Qt/qttq/6.8.0/msvc2022_64/lib/cmake/Qt6Gui/Qt6QVirtualKeyboardPluginTargets-debug.cmake",
		"D:/Progs/Qt/qttq/6.8.0/msvc2022_64/lib/cmake/Qt6Gui/Qt6QVirtualKeyboardPluginTargets-relwithdebinfo.cmake",
		"D:/Progs/Qt/qttq/6.8.0/msvc2022_64/lib/cmake/Qt6Gui/Qt6QVirtualKeyboardPluginAdditionalTargetInfo.cmake",
		"D:/Progs/Qt/qttq/6.8.0/msvc2022_64/lib/cmake/Qt6Gui/Qt6QWbmpPluginConfig.cmake",
		"D:/Progs/Qt/qttq/Tools/CMake_64/share/cmake-3.29/Modules/CMakeFindDependencyMacro.cmake",
		"D:/Progs/Qt/qttq/6.8.0/msvc2022_64/lib/cmake/Qt6Gui/Qt6QWbmpPluginTargets.cmake",
		"D:/Progs/Qt/qttq/6.8.0/msvc2022_64/lib/cmake/Qt6Gui/Qt6QWbmpPluginTargets-debug.cmake",
		"D:/Progs/Qt/qttq/6.8.0/msvc2022_64/lib/cmake/Qt6Gui/Qt6QWbmpPluginTargets-relwithdebinfo.cmake",
		"D:/Progs/Qt/qttq/6.8.0/msvc2022_64/lib/cmake/Qt6Gui/Qt6QWbmpPluginAdditionalTargetInfo.cmake",
		"D:/Progs/Qt/qttq/6.8.0/msvc2022_64/lib/cmake/Qt6Gui/Qt6QWebpPluginConfig.cmake",
		"D:/Progs/Qt/qttq/Tools/CMake_64/share/cmake-3.29/Modules/CMakeFindDependencyMacro.cmake",
		"D:/Progs/Qt/qttq/6.8.0/msvc2022_64/lib/cmake/Qt6Gui/Qt6QWebpPluginTargets.cmake",
		"D:/Progs/Qt/qttq/6.8.0/msvc2022_64/lib/cmake/Qt6Gui/Qt6QWebpPluginTargets-debug.cmake",
		"D:/Progs/Qt/qttq/6.8.0/msvc2022_64/lib/cmake/Qt6Gui/Qt6QWebpPluginTargets-relwithdebinfo.cmake",
		"D:/Progs/Qt/qttq/6.8.0/msvc2022_64/lib/cmake/Qt6Gui/Qt6QWebpPluginAdditionalTargetInfo.cmake",
		"D:/Progs/Qt/qttq/6.8.0/msvc2022_64/lib/cmake/Qt6Gui/Qt6QWindowsDirect2DIntegrationPluginConfig.cmake",
		"D:/Progs/Qt/qttq/Tools/CMake_64/share/cmake-3.29/Modules/CMakeFindDependencyMacro.cmake",
		"D:/Progs/Qt/qttq/6.8.0/msvc2022_64/lib/cmake/Qt6Gui/Qt6QWindowsDirect2DIntegrationPluginTargets.cmake",
		"D:/Progs/Qt/qttq/6.8.0/msvc2022_64/lib/cmake/Qt6Gui/Qt6QWindowsDirect2DIntegrationPluginTargets-debug.cmake",
		"D:/Progs/Qt/qttq/6.8.0/msvc2022_64/lib/cmake/Qt6Gui/Qt6QWindowsDirect2DIntegrationPluginTargets-relwithdebinfo.cmake",
		"D:/Progs/Qt/qttq/6.8.0/msvc2022_64/lib/cmake/Qt6Gui/Qt6QWindowsDirect2DIntegrationPluginAdditionalTargetInfo.cmake",
		"D:/Progs/Qt/qttq/6.8.0/msvc2022_64/lib/cmake/Qt6Gui/Qt6QWindowsIntegrationPluginConfig.cmake",
		"D:/Progs/Qt/qttq/Tools/CMake_64/share/cmake-3.29/Modules/CMakeFindDependencyMacro.cmake",
		"D:/Progs/Qt/qttq/6.8.0/msvc2022_64/lib/cmake/Qt6Gui/Qt6QWindowsIntegrationPluginTargets.cmake",
		"D:/Progs/Qt/qttq/6.8.0/msvc2022_64/lib/cmake/Qt6Gui/Qt6QWindowsIntegrationPluginTargets-debug.cmake",
		"D:/Progs/Qt/qttq/6.8.0/msvc2022_64/lib/cmake/Qt6Gui/Qt6QWindowsIntegrationPluginTargets-relwithdebinfo.cmake",
		"D:/Progs/Qt/qttq/6.8.0/msvc2022_64/lib/cmake/Qt6Gui/Qt6QWindowsIntegrationPluginAdditionalTargetInfo.cmake",
		"D:/Progs/Qt/qttq/6.8.0/msvc2022_64/lib/cmake/Qt6Gui/Qt6GuiVersionlessAliasTargets.cmake",
		"D:/Progs/Qt/qttq/6.8.0/msvc2022_64/lib/cmake/Qt6Widgets/Qt6WidgetsTargets.cmake",
		"D:/Progs/Qt/qttq/6.8.0/msvc2022_64/lib/cmake/Qt6Widgets/Qt6WidgetsTargets-debug.cmake",
		"D:/Progs/Qt/qttq/6.8.0/msvc2022_64/lib/cmake/Qt6Widgets/Qt6WidgetsTargets-relwithdebinfo.cmake",
		"D:/Progs/Qt/qttq/6.8.0/msvc2022_64/lib/cmake/Qt6Widgets/Qt6WidgetsAdditionalTargetInfo.cmake",
		"D:/Progs/Qt/qttq/6.8.0/msvc2022_64/lib/cmake/Qt6Widgets/Qt6WidgetsMacros.cmake",
		"D:/Progs/Qt/qttq/6.8.0/msvc2022_64/lib/cmake/Qt6Widgets/Qt6WidgetsPlugins.cmake",
		"D:/Progs/Qt/qttq/6.8.0/msvc2022_64/lib/cmake/Qt6Widgets/Qt6QModernWindowsStylePluginConfig.cmake",
		"D:/Progs/Qt/qttq/Tools/CMake_64/share/cmake-3.29/Modules/CMakeFindDependencyMacro.cmake",
		"D:/Progs/Qt/qttq/6.8.0/msvc2022_64/lib/cmake/Qt6Widgets/Qt6QModernWindowsStylePluginTargets.cmake",
		"D:/Progs/Qt/qttq/6.8.0/msvc2022_64/lib/cmake/Qt6Widgets/Qt6QModernWindowsStylePluginTargets-debug.cmake",
		"D:/Progs/Qt/qttq/6.8.0/msvc2022_64/lib/cmake/Qt6Widgets/Qt6QModernWindowsStylePluginTargets-relwithdebinfo.cmake",
		"D:/Progs/Qt/qttq/6.8.0/msvc2022_64/lib/cmake/Qt6Widgets/Qt6QModernWindowsStylePluginAdditionalTargetInfo.cmake",
		"D:/Progs/Qt/qttq/6.8.0/msvc2022_64/lib/cmake/Qt6Widgets/Qt6WidgetsVersionlessAliasTargets.cmake"
	],
	"CMAKE_SOURCE_DIR" : "D:/Progs/Qt/QtProjects/Lab1",
	"CROSS_CONFIG" : false,
	"DEP_FILE" : "D:/Progs/Qt/QtProjects/Lab1/build/Desktop_x86_windows_msvc2022_pe_64bit-Release/Colors_autogen/deps",
	"DEP_FILE_RULE_NAME" : "Colors_autogen/timestamp",
	"HEADERS" : 
	[
		[
			"D:/Progs/Qt/QtProjects/Lab1/converter.h",
			"MU",
			"EWIEGA46WW/moc_converter.cpp",
			null
		],
		[
			"D:/Progs/Qt/QtProjects/Lab1/widget.h",
			"MU",
			"EWIEGA46WW/moc_widget.cpp",
			null
		]
	],
	"HEADER_EXTENSIONS" : [ "h", "hh", "h++", "hm", "hpp", "hxx", "in", "txx" ],
	"INCLUDE_DIR" : "D:/Progs/Qt/QtProjects/Lab1/build/Desktop_x86_windows_msvc2022_pe_64bit-Release/Colors_autogen/include",
	"MOC_COMPILATION_FILE" : "D:/Progs/Qt/QtProjects/Lab1/build/Desktop_x86_windows_msvc2022_pe_64bit-Release/Colors_autogen/mocs_compilation.cpp",
	"MOC_DEFINITIONS" : 
	[
		"QT_CORE_LIB",
		"QT_GUI_LIB",
		"QT_NO_DEBUG",
		"QT_WIDGETS_LIB",
		"UNICODE",
		"WIN32",
		"WIN64",
		"_ENABLE_EXTENDED_ALIGNED_STORAGE",
		"_UNICODE",
		"_WIN64"
	],
	"MOC_DEPEND_FILTERS" : 
	[
		[
			"Q_PLUGIN_METADATA",
			"[\n][ \t]*Q_PLUGIN_METADATA[ \t]*\\([^\\)]*FILE[ \t]*\"([^\"]+)\""
		]
	],
	"MOC_INCLUDES" : 
	[
		"D:/Progs/Qt/QtProjects/Lab1/build/Desktop_x86_windows_msvc2022_pe_64bit-Release",
		"D:/Progs/Qt/QtProjects/Lab1",
		"D:/Progs/Qt/qttq/6.8.0/msvc2022_64/include/QtCore",
		"D:/Progs/Qt/qttq/6.8.0/msvc2022_64/include",
		"D:/Progs/Qt/qttq/6.8.0/msvc2022_64/mkspecs/win32-msvc",
		"D:/Progs/Qt/qttq/6.8.0/msvc2022_64/include/QtWidgets",
		"D:/Progs/Qt/qttq/6.8.0/msvc2022_64/include/QtGui"
	],
	"MOC_MACRO_NAMES" : 
	[
		"Q_OBJECT",
		"Q_GADGET",
		"Q_NAMESPACE",
		"Q_NAMESPACE_EXPORT",
		"Q_GADGET_EXPORT",
		"Q_ENUM_NS"
	],
	"MOC_OPTIONS" : [],
	"MOC_PATH_PREFIX" : false,
	"MOC_PREDEFS_CMD" : [],
	"MOC_PREDEFS_FILE" : "",
	"MOC_RELAXED_MODE" : false,
	"MOC_SKIP" : [],
	"MULTI_CONFIG" : false,
	"PARALLEL" : 6,
	"PARSE_CACHE_FILE" : "D:/Progs/Qt/QtProjects/Lab1/build/Desktop_x86_windows_msvc2022_pe_64bit-Release/CMakeFiles/Colors_autogen.dir/ParseCache.txt",
	"QT_MOC_EXECUTABLE" : "D:/Progs/Qt/qttq/6.8.0/msvc2022_64/bin/moc.exe",
	"QT_UIC_EXECUTABLE" : "D:/Progs/Qt/qttq/6.8.0/msvc2022_64/bin/uic.exe",
	"QT_VERSION_MAJOR" : 6,
	"QT_VERSION_MINOR" : 8,
	"SETTINGS_FILE" : "D:/Progs/Qt/QtProjects/Lab1/build/Desktop_x86_windows_msvc2022_pe_64bit-Release/CMakeFiles/Colors_autogen.dir/AutogenUsed.txt",
	"SOURCES" : 
	[
		[ "D:/Progs/Qt/QtProjects/Lab1/converter.cpp", "MU", null ],
		[ "D:/Progs/Qt/QtProjects/Lab1/main.cpp", "MU", null ],
		[ "D:/Progs/Qt/QtProjects/Lab1/widget.cpp", "MU", null ]
	],
	"UIC_OPTIONS" : [],
	"UIC_SEARCH_PATHS" : [],
	"UIC_SKIP" : [],
	"UIC_UI_FILES" : [],
	"USE_BETTER_GRAPH" : true,
	"VERBOSITY" : 0
}
